E101,ram,singh,ram.singh@gmail.com,45
E102,anand,kishor,anand.kishor@gmail.com,50
E103,saurav,anand,sauravanand@gmail.com,56
E104,sonu,kumar,sonu.kumar@gmail.com,45
E105,lucy,shurbhi,lucyshurbhi@gmail.com,35
E106,somya,kumari,smyskumari@gmail.com,65
E107,ashutosh,kumar,ashukumar@gmail.com,58
E108,raam,sinbgh,ram.sidngh@gmail.com,45
E109,ancand,kibshor,anandd.kishor@gmail.com,50
E110,saucrav,anband,sauradvanand@gmail.com,56
E111,sonuc,kumarb,sonu.kumdar@gmail.com,45
E112,lucyc,shurbhbi,lucyshudrbhi@gmail.com,35
E113,somyac,kumarib,smyskumadri@gmail.com,65
E114,ashutocsh,kumabr,ashukumdar@gmail.com,58